-- phpMyAdmin SQL Dump
-- version 4.2.11
-- http://www.phpmyadmin.net
--
-- Host: 127.0.0.1
-- Generation Time: Dec 02, 2015 at 06:13 AM
-- Server version: 5.6.21
-- PHP Version: 5.6.3

SET SQL_MODE = "NO_AUTO_VALUE_ON_ZERO";
SET time_zone = "+00:00";


/*!40101 SET @OLD_CHARACTER_SET_CLIENT=@@CHARACTER_SET_CLIENT */;
/*!40101 SET @OLD_CHARACTER_SET_RESULTS=@@CHARACTER_SET_RESULTS */;
/*!40101 SET @OLD_COLLATION_CONNECTION=@@COLLATION_CONNECTION */;
/*!40101 SET NAMES utf8 */;

--
-- Database: `projectdb`
--
CREATE DATABASE IF NOT EXISTS `projectdb` DEFAULT CHARACTER SET latin1 COLLATE latin1_swedish_ci;
USE `projectdb`;

-- --------------------------------------------------------

--
-- Table structure for table `question`
--
-- Creation: Sep 30, 2015 at 12:12 PM
--

DROP TABLE IF EXISTS `question`;
CREATE TABLE IF NOT EXISTS `question` (
`Question_id` int(11) NOT NULL,
  `Subtopic_id` int(11) NOT NULL,
  `Description` text NOT NULL,
  `Image` longblob NOT NULL,
  `Level_id` int(11) NOT NULL,
  `provided` tinyint(1) NOT NULL
) ENGINE=InnoDB AUTO_INCREMENT=26 DEFAULT CHARSET=latin1;

--
-- Dumping data for table `question`
--

INSERT INTO `question` (`Question_id`, `Subtopic_id`, `Description`, `Image`, `Level_id`, `provided`) VALUES
(1, 4, 'What will be the output of the following program?', 0x89504e470d0a1a0a0000000d494844520000018c000001720806000000e6a1ed23000000017352474200aece1ce90000000467414d410000b18f0bfc6105000000097048597300000ec300000ec301c76fa86400001c3049444154785eeddd6b72abba1206d08ccb03f278329afc3ef3b883c9a501d9420890e3986dc25a55549dd8bc9c7daa3f1a22f9e31b001a080c009a080c009aec1718fffbfcbe5cbfbebfbfaedf97cfff8d2f027014bb07c6ff3e2fdf911b355fd78f9784491cf3e3e3a35f9edfffd7f735f675f91c7f7e37cbe7f78adf6ffadd2efd9b027fc77e81d175161f1b81f16a71ecdf29985d517e223086227bedf6d2eef3f2c8facf9ddfa3d6ff4d8700d355c2f1ed121871659baef06f4b56d0d2556a2c656149ef5daf5de0a46d2bc576728c6edf9f97cb7759a36a8171dbffb8c3b49fc97ad11da57df7eb1605b9787fb1fb48eb55deffbce4db77e799d629f73d2e9302bd717e6bbfdf6472fc07c32cf67ffdcccf61befdb0fff9bf09701cbb761851acbeaecb45a356d0c350f0ee45a85caf2ff259051dd66f0b8c10af4f0af0e4394b5c21e7fb1aae98f3a25f86537ffc2214d60a66f5f3ccb65f2ae2dbe7972c7dfe38b7c9ebd10d56b65fd27fdeec1c968ed3bdb11898c0fbdb2d305211f96960ac16f4c602f4a3fd4f8e358ac2978eb9d001a4808b7dc7cfb5e3de8d45bed836b718185be797a97efe5877f2e1076bff4ea5f57f9fb9b6df09f06e76088cb2180e4bad58540b5a67bd20fde3c0683cfeec2a7e4d77cce60e63f3fceeaa9f7fe7c088757518704cbb76185154d61ede560b5a67ab20c52d9ce97643489575706dffb7d7a3804e022df6353de7f296d1fcf8754bb7a566cf5b22308a939fac13efdfce69fbfc92a5cf3f7fde530bc1e1775aeb7eb6fe7d7ae3ef5558c071ed1618e98a751e18a91095cbb05e14a3f45a5f94fa6239fc9c17a5a118df977b015bdf7f2f15b37ee9cef37338c66dffd931fbe57a1df69915bff2f8b5c2daab14cea66d27e750bcbf7a7e8f7efe6129c3f6be9fe9b1b7ff7dd27665280147b3736074c5c31526c021ed1618001c9bc000a089c000a089c000a089c000a089c000a089c000a0c9ae81d13a22fae86a33e586977dfe1878677c0bf06287e930d6a614792b31d2793e4cfa695b9f3fc2e8058705b8d92530f2e923ca2becf4dee2f75d54a6ad88e5d1e238997ea3eb00d215f9edf8e3fefa7998ba9ffbf3bc4de371b94f8b719bfaa25ec0e338e5b9edf2f937bb0c537400cfd9b5c388e258bb253314cd7b91acadf74c8751eeaf9c9c2fde9f14e02e146eeb8f05bb7fbf0f8be13c66dbf4a2282f9f67ed738578fdf9cf1fc75e0b0381013ce76d0263b1608f9ebb25958a655aa6fb5a3d7e7ee51e8131ae38db26f4e1f2b3c0f88dcf5feb6e007ecb4902a31085ff910e4360001c2930b25b2951b8570a7369ebfb2626e735de829afcdc1a18dd19fdf496d4f39f7fe39654bfcdf4561cc02376088cf276505a868217c532bdd617cd54d8ba655234b3d71f098bb0f97d1363480cef7545377d1fc6b52bdce9f538b9f11ce2bcd27997a131bfcadfe9f3e7c156313ccc7fecf70690dbb5c3388528ec658aec60fdcf6a37ba0f800602e3059606eebdcc467701f01b0406004d0406004d0406004d0406004d0406004d0406004d760d8c182b501be97c14bf75feb33fbbf567b1c0011ca6c3f8d5b9a4fea585817deb03ef00febd5d02239ffea2bc42bf4db1f18aefc348db7657f4c3f41cdd7e6f536c64c7984cbbb17c8e6bef2d9e7f617182405d06f0e676ed30a2b8d66ee90c45f75e646bebfdb8c31843a32fd27d300cfb8963dc0af7d7d764df4b45fd99f31fac4d4e68fa0ee0bdbd4d604c0a7457d87f3530d2957b763b6872cc4a17f368606c9d7faf3fcef2e7303d39f0ce0446e5ca7e763ea367cebf273080033b506064453d0aff4ae19dd80a8cfcfdd017f51775187d382d9db75b52c07bdb2130a2104e6ff70ccb5038a3d8a6d7faa2db87c1f0f3a4e866af3f1416699bd8f9b88fd86f3a6ebc9c9f437c1fc6f57a7fefd7ce7fe4a1377054bb76187422502a89e1cf6a81772730fe0103f78023121800341118003411180034111800341118003411180034d93730c68174f551d000bcb35d032346450b0b80631218003411180034d92d3062aea40fd35f001c960e0380260203802602038026bb06469718c661001cd4be8101c061090c009a080c009a080c009aec1218fffdf7dff85f001c950e0380263a0c009a9caac388f9ac8e3606a49f83ebe3f26de80af0afe9301a7d5eaedf5fe37fefedf32230807fef141d464c49f2f11157eaf30e23bd77bd5e6feb7c7c64e1308e4ebfbf372cd747d2e32bdff7e35d4e1f185ff979d402e4ebfbbaf81ec0f34ed5612ccd653584c63d246aeb3dd5617c7d4db6fdbc3c1638b1fe2408fa102bcf476000af75aa67186b813129e05d47f0ab8151e9521e0d8c72fdd93903bc980ea3f3dac0882bffe955ffa3c5bef60c4360007bd36174da02232bdafd3389c60089ee22ffa6c1b1db9815fbf49ca39202fd2da9d93e8ae3a7ed7dab21f02227e830d2bdfd72190a6e84457aadafd5a9f076cb2434b2d79bc362941f239e315cafe383f66c274b7f3e9b5e4fdba47dd4d7fb691704b0ed541dc63b8b2ea2d6fdb499dff602f86da77a86f1b6aa7ff504f05e74180034d16100d044870140131d06004d74180034d16100d04487f1866a53810c03f3b6c66a8c8314cbd1e2b3b9ac8a3fe12d47a30354e830de4d8c282f0a7e3f523c5eebde5b0b8c7e92c2cfaef8d702a37cad1081b4b10a7072e7e83026d37a4cafd2a7d3764c977cbd618af171e93a8074459eb64fc576d209a42bfb6efd617a92eecafe762ef5817ab599696f5602238e7b3be60f02a35f67b5cb307d3a9cdd393a8c27bf8f2242212fd47d2864c535de9fec2f2fec6368f4eff7613104c56c9b5e14e59511df0b81d18756dad95260f4c53e2db5636c4d2f2230e0ecced161cc0ae63d305287505beec53915cbb44c0bee6660a47089c01857ac06467f9e8f0746ea6af2a5b6de4d761eb94783143897137418f32be7fad5fd03a2e03ed261bc383026621f9b1faefb9d546e3f090c60cddfef30f2821dfaa2fc58619cfdd55271851ec57f1210f9157e7efcadc0e8c3edf703238220df2e8e3def30e6c13a11e71edd4b2568807338c5338cbe408eb76af2ef969817ecba28b8f7ed63298afa181269ff9f9f4371bd5cbb029f5e8f838d45378a773aa7f21c6a57f9b55b4eb5c29daf5706cbe433d48a7e1e6c15c3be57c20cf8f3cef10ce3488aee652f1108cb87dde83e80533845877134b5817b2fb5d15d00041d06004d74180034d16100d044870140131d06004d74180034f9f31dc630e0ec5863087c1f06f08e4ed161ec3eaee11995817bb7a93c36a606e94789fb3e0ce0454ef10ca30f8caffc2afb1e20d36943a64b5e9ca7536bf83e0ce07c4ed2611485ae2fe4edf3224528e485ba0f85acb8c6fb937a9c17f63134faf7fbb0188e3bdba6f7b3c907fbd04a3b5b0a8cbed8a7a5768cade93f04069cdd493a8cf9557b2ad87db19d14d3fb722fcea958a6655a70370323854b04c6b8623530b6826c21305257932fb5f56eb2f3c8ad7637c0e99df61946b560b78a82fb4887f1e2c098887d6c7eb02e002bb79f0406b0e6341dc6644aefadc25c98054e71851ec57f1210f915fe23811185fc0581119f3fdf2e8e3def30366e49c5b947f752091ae01cfe7c8731dcaee98af3f81d18c3f2d87df83e706edbc65214f531246efbf67d18c01f748a0ee3508aee652f1108cb87dde83e805338c5338ca3d97ddcc84677011074180034d16100d044870140131d06004d74180034d161f0247f720b67a1c378408c55d81c69fd0baa23cb63c0ddf5eb36e06f721ee9fd719d7551e08bc17b4f6e3f19e9fe135b9fef858601891b81e7cf8ea1a7c3d8c9e7a57194746de0de3892bc2fa26371cd57f9bade0b5edb71baa29f15c067b7ef7f7e6614f8c6e77bb596712feb031be11cfe7c87314c89d1158471ba8e61991688346d4614ac74859b4f83717f6d7ee59bdebb5ef3fd67c5732c86f7f78665a9f8d4a60649fbe85fef0b6a51e0d2157a2cb51d17e770fd2a0afeb3db7796ba8ccddf4fd8fa7c5bf2f3ef96da79ace90363e1fb526ee21c57bb8c08cd856de18f38458731044259c48ba2958a4e2a0addcf65ed5c2f8ad38029d76bbe722fcfab17af8f85a876eec9a4b0a775b26d7b6361ab15bfa7b68fd7ebe7b5fdfbc98eb1f6f996740196af5f0ddd15b78b8a744ad573287f0fa5f1f7b2ba0e1cdb299e61d40a4814adc96b5d406c5d99d68220b4ecab29307e522c3b43c11b9659a1ac7dae384e56f09fdd3e79e6f7f394fef776ff0cd5cfb1a2e9ff8f4e6d3d3893937418f3abbe9f14b1670ae22b032389f39815cc070bfe33db772b57bb8c9ffcaedbcdaffc67c7dbd0f4ff4747607076a7e930ca5b28b302fef2c0c88a52f7fee416d94dbde0b6e9b6bd7dc6e2bf8b7df67f19342bf8cf6e3fa8fd8e5a7e3f9bfadf5977dcb26297e135761bb3c2beb47d67f6ff4735b8e3f7b072bb29ed7fe1f7027fc1693a8ce9f761e40f46a310dc5f4fcbbdaed4df4f053f8a617aaddf26158e6e9914c5ecf57a580c9eb98a9d9d4b323976b75cafc3672a8adbb3db0fa601d3fcfbd9b0f6e7aff931629df46f9d7f86a5edd3eb9bdf97b2d8550d86fd2cffbbc25f70920e63e5caf0dd4441fd6962bc8928e00f77101b22489fd9e7b3db47202cffb36c741ff047fcf90ea3bfdd90ae1c0f72bbe05001b787ea2da207fcc6f66e35c1393a0c009e778a6718003c4f870140131d06004d74180034d16100d04487f1474c06af1d7c1c07f09e74188dda669bfd4762b05f364e607d9019c0cf9ca2c34883f762a4effd4a3c0b807e60d778751e4b3e48ab7c6f5c52414efb4b3f0f53444c4715af1dffb6fddaf7456cc8bf00a917e73c4b8c34c5894181c0cf9ca7c3487318a530e87e4e35b51c59dd17f16264ef5a8711eb4fea73b7efd934142bc71f42e3befff8f991692caa81519c7fb796c0009e729e6718b5221e163a88f22aff37026329049ab65fd1161800cf395587512fc2dd957743717defc0289e59546f49013c4787d18982bb55a0d7becf62720b69ec5866fb7b6160c431afd9fad587defd39779d93ce03f8a1137418e9defd74290bea6456db7e293a8a54706bef4d6e6b75c1f239ac3b14fdf5e347584c5ecb8ef348684cce7f9616b1db786fb94b02d8729e0ee3d422b43cec069e739e6718003c45870140131d06004d74180034111800341118003411180034d92d300c1c0338b65d3b8cea9415001cc2ae81319b330980c310180034d9f9a1f73011df4333b102f0167418003411180034d93530fc9514c071ed1618c661001cdbce0fbd01382a8101401381014013810140138101401381014013810140935d0323c6629c611ea9cfcbe5bbf631dff6f3ffeff3fb72f91c7f00a83b4c87f17939c8a0bfafebf7c70b86b3bffaf31b850f6cd92530620ea98f8f18e93dbfc24eef5daf5da11dd7998c088fabdfdbebf7e5d1e2f679c9b6ef3a8074457d3bfeb8bf6144fa789ee9d8ddfa31cb6e7f5e1108e9bf874d26e238e5b9fdcbcfbfb9ff4497016cd8b5c388e255bb253314b57b11abadf7cc1576b9bf3e14b2e218ef4f0a70170ab7f5c782ddbfdf87c5701eb36d7a317dfbf279d63e5788d75ffdf9b7f63f9c7bfd561a40789bc0582cd8a3e76ec90cdfc3b17485bd7afcfcca3b02635c71b64de8c365f93cffd5e76fd97fa8754700c94902a31085ff910e4360001c2930b2db2551b8570a7369f6574b59e10f93f31a6f414d7e6e0d8cee8c7e7a4bea959fbf65ffc3b9bb25052cdb2130cadb41d3db4251ccd26b7d51eb8be1f0f3a4a865af3f522cc3e481776dfb312486f7baa2f9391ceb72ed0a6b7a3d4e6e3c8738af74de6568ccafd2ffede76fde7f1e8c0015bb7618a71005b94c9103f067b5c01681f1024b03f7de96ee0268203000682230006822300068223000682230006822300068b26f6094a3a801388c5d0323461d0b0b80631218003411180034d92d30ca2f2d02e058741800341118003411180034d93530bac4300e03e0a0f60d0c000e4b6000d0446000d0446000d06497c0f8efbfffc6ff02e0a874180034d16100d0e4541d46cc6775fc31205fdfd70ff37201fbd36134fabc5cbb52fd2ebad01018c0ce4ed161c494241f71555e19659edebb5eafb7753e3eb2701847a7dfdf1b96eb83e9f179c9b6bf5cbe2f8f14fce21cae5fb5c0183b8f8fcbb781f4c02b9caac3589acb6a088d7b48d4d67ba6c328f7f7d854ef110479082cdd921218c06b9dea19c65a604c3a86afebaf06c6bd98a7e5817d55cea53be1c73a14805fa0c3e8bc3e300addfe9b3b0c8101bc091d46a72d30b25b3d51f01fe81226db86d8be7c08d2efb3eb3e660f47a23b991eab7a4b2b6d2f48801739418751de0e4acb5084232cd26b7dad4e85b75b26a191bdfed02da5cee481f7c2f67d082c3d7f981cbb5baed7d9738c61fbc7ce0be011a7ea30de59844aadfb6913a1e86137f05aa77a86f1b6fa3f9bd51d00ef4d870140131d06004d74180034d16100d044870140131d06004d4ed5616c7d1fc630f8edbecc065d8f6623b71bf5fb5fdae9867c80e16c1fa60a0176a0c3485a8b6e8cba7ea6e8ff64db386631aabbdc4ded3580df748a0e23bf3aaf75186567d12f0be11123b2f3c29cf6bdf87d1a9958b73cfea4732896b4eed7b5e86822dcca74d065002f76aa0ea356b06f9a0aee7c22c03014fdfbeb4bc7593dfe8a6a60ccced5f420c06b9dea19c6d38111eb2c04c6e482ffab322579a776fc78add65dc492d66d0b8c79f703f09b7418c90e81f153b3e713711e95641018c02be9309296c0e86ffbec1f18716ed76c7ff507dc6e4901af75820e230a69ed96cfbdf0cfbfafa25b162ed5971e7ac7d2bf1e7fd134fe5c86467f9ccd50aa9b9c63eddc9a020fe0e74ed561fc8a08848530f997fc592df06aa77a86f15b7e3a70ef657417c00e74180034d16100d044870140131d06004d74180034d16100d0e45c1d46fcf96965401d00db4ed561ac4e0d02c0aa5375180203e0e774180034394d87d17fab9ee933007e4c87014013cf300068a2c300a0c9a93a8c2e318cc300f8a153751800fcdcb93a0c007e4c870140131d06004d4ed161e870009ea7c300a0890e0380263a8cdd7d7d5f3f7e795eabafebf747ec3396ebd7f8e2543f97d6ca189418d4b8b50fe0dc7418ff44171abf18185fd7cb77ca81cfcbb5dbfb541f0611025db054032302273b9f081799019474187b184798a72bf8ebd73d302657f6c512c53dbd7fbd665dc447110a0d1d466f2130f2c0e9c5f9cef63376461fc5bac069e8305e2e0a6d5e641fbf253584c63d24e2e76aa73009a679a7f15060ccce4f60c0d9e9305ead56a4b382bcd561a4752617fcc53e3f2ff76d566f253d1518c0d9e9305e6d23305a6c054692874f35381603a3583fce6f35798033d261bc5cdcca99de1e7af4dbffda02a33bce6d9ff97f6716022302e29abd5e7de8dd6ddb8791ce034e4b87b187546cd372bd363fc798750dd9becae2bfd461a43fa99d2cc5b1f3db5ab507e7c33e2acf4580d3d061d020ba240fbbe1ec74180034d16100d044870140131d06004d74180034d16100d04487f107c5788cea003d8027e830fe9cf9c8f29006ef2d05493ee8cff76100353a8c3fa6d65df4611021b03435488c1ecf467e57a706014e4f87f162e9ca7de9fb2c2657f6c512c57d6bfba97a7771b31018be0f0368a1c3d8c150f4a721b1746ba8a675fbcdfd3e1218b379ae04069c9d0e630751c82717ec59e11ec220750ed3255f6769fbbb8dee223c1518c0d9e93076d056f097b56c1feb6cee7331308a6716be0f03a8d061ece0f581d1d05d84a5e3fa3e0ca0810ee3c5a2d8a75b4c7d114e8537bbe5b4a665fbadee22fd49ed64f17d18c08374188717ddc5ab1f44ef710ce0dde9300068a2c300a0890e0380263a0c009ae8300068a2c300a0890e0380263a8cc31927017ce311d79f9707c76c98bb0a0e418771485d68d40aecd2d41f7b8a91e89591e25b7c0707bc3f1dc64e26536f7457e0e98a3a9ffaa35c6ec53faec0b3d7af5f8f07c6d6f153b14ed388f4fb49c7edd61fa636bf7e7fdda626a94f1312c7c90bff6dff5bdfe7b1d9658c9d9511e7f0cfe8307650cef5d417e5d5e2982ba7e558b925b510185bc78ff72757f7f97ec6d0e8dfefc36228f6b36d7a716ef3301842e3fe7a793e83f273960406fc6b3a8c5da462979669f1bcbf3e5dfaa25a0b81fc6abce83ef2e55ed0978f1f3603231d2b02635cb11a18fdb9d4036371ff99b23b01de8b0ee35f88c2dbda616c05466ea110cf14c71718400b1dc60e667f359415de6df3db3c8bb7b4160bf1faf1a3a04f02a2eb427e141895730d6d8111dbaedc6e8a63477754fbdcc02e74183b983c70aedc12da948a655aaed7e11653593cab85b8e1f863480cef7545fb7338dea53bceedf5a8f8e379c4312204e2bfcbd0587ae87d5b37fb2c9373cd83a9627818ffe0ef0df8553a0c7e57044299220d22109637dbe83e805de830f87506eec1dfa4c300a0890e0380263a0c009a9ca2c300e0793a0c009ae8300068729a0ec3c02f80e79caac3581f1c06c09a533dc3a8cf7f04408b5375180203e0e74ed5610c73121593de01d04487014013cf30006872aa0ec35f4901fcdc693a0ce330009e73aa0e03809f3bd5330c007e4e870140131d06004d74180034d16100d044870140131d462746807f7cc4380df34c012cd161642238040640dd393a8cff7d7e5fc60ea25f2e9fe31b536b81f179c9b7efd6cbf7d1b87f80233b4587f1d915f83c07fa5b5095a2be1418e5ebfd3423d9f6adfb0738b2bfdf619457ffb7653eafd47287317c8f4675db07f60f706427e830ba62df78b5bf1c1885af6bd641b4ef1fe0c84ef10c236e21b504c1526094b79cfac0c8e6496fdd3fc0919de21946983cb49edc322a6f3795efaf6d7bd7b20ec0919da2c300e079a7e93000788e0e0380263a0c009ae8300068a2c300a0890e0380263a0c009ae8300e6836f2bcd34f7898060d66a3d07b31df95e94b8027e9301a7d5ede64e476312d496f32b7d53055c97c95f96b008f38458791a6ed88f99eee57e25900ac7d9fc5c26cb4a9f8a6fda59ffba9cfbb9ff3b9a5d68e7fdbfeda15fdfef5fb7b35b1af7918141d479c73b9d2669791a64899772f00e13c1d465c8547414c45b3fb39d5d496efb358eb3062fd497deef63d9b8c70e5f84368dcf71f3fd727338ca23e3f8f6a60ccc221b65d0b038101ac3bcf338c5a110f0b1d447995ff1b81510f81c6ed437fae3f0d8c7a7702d0ea541dc6e2557ba5b896de3b308a2088f52ac920308067e8303a2ddf6731b96dd5ed6bf116d2d8b1ccf6f71b8111e156098c38e6355bbffe807be39654ff99baceaa213c81733a418791eecd4f97b2a0a607d3f7a528cca9a0d6de1b436278af2bca9fc3ba43d15f3f7e84c5e4b5ec38b5d058ea1226e75f5b21ce71250c8687f5953002189da7c3f82b22506a81b0a1de75241bdd0740e73ccf30fe90dac0bd551bdd05400b1d06004d74180034d16100d0446000d0446000d0446000d04460fc40edcf5aa703e7aed3e946fc592bf0071c2630def9fb2826538374fa51d34540ac0f9c03787fbb0446bafa8ea27a9f0a230b80c9d41a45b12ddf1b97547cd3fed2cfc31417d36935d68e7fdbfe89efa32803a36ab3cb48538818710dbca7fd3a8c7272bbeee754788ffe7d1461724baa1a0c5bd36f080ce0bded1a18d522bcd0419457f9ef3cbd78a90fa04a68d4ba1380a3f8f7811157d6d52bf2a9230546ff992aeb090ce0c8de2030e2adfa54deb9f7fd3e8acaada63887593254d6cbf59fa9ebac1ac213e05fd82130a25096b79be657da936700fd5214e654506bef4d6e6b754579d7efa3a8edbf120c718e2b61303cac9f772500ef62bf0ee3af884099750fdbd6ffac76a3fb00780302e3077c1f057046020380260203802602038026020380260203802602038026bb0586816900c7b66b87b13e780d8077b66b60cce66c02e0300406004d767ee83d4cd4b7346b2c00ef4b87014013810140935d03c35f49011cd76e81611c06c0b1edfcd01b80a312180034111800341118003411180034f8fefe3fac7b70a72a4afedc0000000049454e44ae426082, 1, 0),
(2, 4, 'Which of the following statements are false?\r\n<br>\r\n1)In C all functions except main() can be called recursively	\r\n<br>\r\n2)Functions can be called either by value or by reference	\r\n<br>\r\n3)Names of functions into two different files linked together must be unique	\r\n<br>\r\n4)Maximum no of arguments that a function can take is 12	\r\n<br>\r\n5)Redefinition of function is not an error	\r\n<br>\r\n6)Formal arguments used in a function can be variables ,constants or expressions', '', 1, 0),
(3, 4, 'What number will z in the sample code above contain?', 0x89504e470d0a1a0a0000000d49484452000000e4000000330802000000080e334d0000000373424954080808dbe14fe00000001874455874536f667477617265006d6174652d73637265656e73686f74c896f04a00000d7049444154789ced9d775c53571bc79f9bc10e0808516a7056948280833ad03a5e05aae2dea2d4a282a2d66add15ad1607be56dc5645c585a87561ebc0810350198220024a656f2409104272ef79ff601820c9bd6108f9bcf7fb17c9e1dce7e1e497739e7b3ee777c104fc12a0a169db70f40d008055fb130d4ddb4428e057fdc068dd3c6868a8438b95466da0c54aa336d062a5511b68b1d2a80d72c42a79bfc78a61b6eca5e8cb6743d35611dc9da0cd187c3e1fb5661272c4cae0584d983ffddbf64c152e53fa784e3b46bfa31978b325d68c5444af36c76431767b5ad60a79483e06ae9a3cd492ab816198ded410a16c1b12c41c993f80cbc6304cbfa7f3c6db5992164f479a71d6451fc3b0969320f1e9e5b115e3ed78fa4c0cc3343ad84ddb76a7497f17abe15b4caed3efa79c9a70cd3609cfe372907b57360000a6696aa1dd0a2910a2124907871fb64e8cdab23ab86e4b61f0a2514bfeeee7131c3bd120f60fd779e3c7e9c547acb7d46cb964c4c987e76d4cb73685b0968b21c90ab91ad76eecdaa3dbac3aebe485ecf1daec3cbc2c2a6e67dfc68ebe805f826a10c5ace95cfd7647af17e5e83382fb5374c166a3efe2c13c0e03c078c0d2ab1912841092661eefdfe09a034e66e14839786ec0c07abd7aef4caa54dea9347aab8d86d1e48b595284102204e16b7b318da65eaa7aa91851d42a1e66b13d514c92932cd2b43f07b1b49d82f26afe103cffb2b336c3fef0bf1215ae22978a78ef1ea03be5bee073b08c138330e87b20b5eadafc07f38c80eb115e467221bc30f4f759437a186b0000e8751beee91f2724a8e55016bda51f6fc299f043fd00069dcb23efc5bfe3a205b69b7c5c6dda01807657a75fefe6aa3812784ec060801edef115326f56f27332d2330b44ca32a895681db156f74ff1fd06932756309e70ec8d0097e4872cef02ed66dd93e9287c34db00eb7b249d44367572178baa11a69c1adf0eebb1f2299f74d0c4298747eae98e38fc5e8c17de5dd889d1d933a408972b7d99af9c286a150f4053870900bae683ddfcc20ac9f3c4f3829c75d80efe1955bf2acd3c358cad35fa420eae3c16051a8a5518329d03e6aba345552f89824bdf61d067df07123548d22e2ef7d816702722e1436a7c88df6453309e7bf71341321a081125a12b7a7e35ed728e38e3984a6205b695d7c55729c911677eec0e1a0e875325a4b164d3fd77bf2d301c4ecb4e64a2d7ebba00b01c83eb8b50965a89ca290314d2c57dcb3c2b0e033843dca6773e70f5698678b441e3172a86869616004079dcce391e0ffafc11e5e3a08f9175d2e8b1e8dca9509bb95356e5f02e9c36fa35c277a41103008cc705c4440aea57cc0cad0e165a0052e3c14b775b590ee8c565e6450478af5e31345192f064958586d2f44cc6ac9ca8e774e06a9aeb8a6e2c69fab583cf75c6df72e23218b8b2588d015514660bc1d05c2ffbcc38fbc5a90b9e3e72eac881d4f44f52b9655a2d2cf3997e476a5e74f3f45979b4f7fe5bc91563ec958e0651707bf9dc2bfd0f474feec0cc562d51e339077d66f6e70074f7f5bb1e38ee6050aafbda6e144703cfbdb9e1b7d7e69e8f26746cfc0e940a336bedea2e4edc6e81992d7ff9f9371a31b3228410c20bee2c32677470bd9e4bbd275efcc0c30c8035685fd2e7859d904ae4206d588de039e7476b42a79f5e914f8365115e6658cfad0962247eb7c312e32e7e564a255665d22eab9ad1e54c959940ab6930b31205810e0036fb5332aebbdb5938ee8e2f7830531f783f478a481294e487fa2d76b4ed626aa0aba3adad090006b31f09956628c93cefd2fe2bb7bf0b70849054c599b5ff9fd5eb0caa4cda69097ad34204d4461e2f0a5d6fabd56eccc1b7d4169fbad44a54059563185667e66bfa2d64e5871373a69d32fcf5d661172ee5bd07244a7d12960b204d7a1a5358fd8d26f2ce39b0e5c05bd160038e61d8676027c84f2e20bf2dd5b15decde23e5a4ff9b92c4803f13bb2cf0ecaf4b2516bb8bfbcdc4842a22fd06eb92c6c1b4da9b71e05386b0fd84e3d1efeefc620945394230e4192a5ff624c97ece23573defb6ecd4839877291f929e6cb7044420e5195624dd7c549875fa7b132686612cdee22880f0b95c96cdee64d56fd3310c300a234f143d5c3fcaf188c98ed0bf96f46ed28dad2a65801230068b89a462a90a024682706f97a52f879f78bdb1bf9e9cf51f2fcbcf29aed430ea68aa2b2364a2f8c12f93b77f5a18fcbce78e510b661db6bbb7aca72630942e7c75204a125e6581a98b299b341668f69aef65e7f3fbde13458fd3ad56fe5075734e1e4bc3a86b2f23ea0301a06d31fa1b2ce86158aed4ae0b0ba034fe763ce24e1bd841e6c3699821e2bfbe1ecd760adeb160b801008030292917a00f4986bab037eaed6649d5e784e706cd18b595bdf3c9c5e9965dd84a6255f36fd807d1c24e7a00a834e5451a98bb996b928d069ef7cfca11932e74fbe3799087a54ec38f59612cb9502f03307bff6cd93260994c195099b2c71a3486ee7d95272c1789c4647b01084973afcd36814e3fde4ce30bab29ab945d8da4e947fa0240ddd242927961b221c3626d84804092b4d363f599569b5e91dd0197866d745de61b7023e45978e88d434bedb58135706f92ecd680dc58552d5901c335008031f0589aaa254e432a8b92622223c32fb99b81c688434f2223a313b2cb0984109e7f638621e83beeba1b97f8e29c474fc06c7c12646f9ae565581eb1b42374f2bc9b2f45489cf9cfcf564c00fd990f85d4f3915f06c81d8dea1b2cebe58151ef535e06b87707cdef8e91ed8c4873833dba03d3caebe2b3c86aa2e23e0a65d4a178e46590b71b8067fbdb37d072d70db115885cac082f0addead4ad7ac9a3b0755516eec1ad17aaeed695f8ed760b00fda9b78b6b47b222719f8316bbdf8eb8eab8d2bc9bae5ce02dba5ba8349a2876d7784b6ef5aca7d77598fba188e2ba1de4c4aa8128bceea203ec91e772c8bf8064c8d9e6abdd02c0f951875cfb9a300040b7bbe3fa5b997577f1e466881787ed9ed4cb4043c7d0d4cc62f44abf8dd6cd2256b9b16ab6aee65aeb43d5d6d53df2db8cd227f31bac3075335432f29f51b675d526c0b3fc076160edf35695cdd1168825493d3880c99974b388e20666cbd05646a37562b575b1124537c672b86ef73f7d018d288845884bf2d3228f4f3506b3a561a52d9f8612dac068b466ac5a8962027e096d6b91032a0a1ad67ec63316cf714be0c5f5830de9e369ad8650c0af92282d569ab64ead58e90983466da0c54aa336d062a5511b68b1d2a80db45869d4065aac346a032d56f5a54d98f8be24b458db12fc1bce7d37c689bf60c4b2f0e53cc6d79b622bbe60cc46438bb50d8004113b57fadecb102300008497c49c59bf26285ddae281f1cc2b9b4e94386df3b26ea4c9e1cb222b5622efec20ac2e96bb1a712897026531bfd96a1a4f09ccc601009030625d6f96f1b4a06c997391a2a89f795ac3ae14cbe9ada4a975c1d38f0f66eb385fce27aadf200aae7cafc3fcf6c847a5c2c338b6b3c7322fba8e9875303efd9f354ece5b12ade78cf98aca5963247a7772bead2186613add9c37dfcb5349e0e5d1fbbc1f71976c9fd08174ce228a9ef8cc76f8babd26866118a7fb8825a7de94d62d3f2482dccc8cacc28a962c4aea1c6451d9c4d778f79c02ebdf67ca235776d21c7ab9484e5f254dad8c429b21694fa23cf5f6e6e1ed00183de61f8f2ca272785691898f22d2ecf38eba3aff394b660e4608293627d642c9fad738484e5d95c5eeb0d7d419b62f91cc058424c5c931910d888ecf2c233db523cdbe3cc344d3c6ebd77146ec3ede51a5f53aa8a5581151726fb621c3aeca992a493dd08f6930ed6f65873511428810bcdce66833cce3f87dffd1b63f5dbbb265a2ddb7ee81e964b2e3df71d10263b7c755662ea23878922e5892fad96b1045afeb8ef17e7a4166f89647e5bb1dbdeb9dcf6f25b1aa66e2a3ecd493831ceb1f917b7688bc35a9d3f217658a9b486d6864263e957b296e526433543a10a5d95902294225d79dec36c45620a2223ffd13e914a9d8c4470e9e1b348ea335fc24658ba7427362cba358ace2f7c7c670d836dea46e11845053ca008410511ae9dd8701004653026bd72249c98737b1b1b1b1b12f2ecc3161dafa86be8e8d8d8d8d7b975d4e2869228d252e4aad31f1256595513df5afa497e2a68a379bbfc6cc57457e7abda12bd675fdeb0a441951e2b9a321948dbef2c4ca991e42454115719b7b62664b9e51555b65d29e7e4c9695e7c9476f5233b2b2d35f6cb754d195d004148895e087adb364b51b7ffa23c5b5a40965005e74dfd39cc95b1cfcfcbf43b47486ed4faaf7a1aa6719801042920f7e7d59a6b37dddcc98d6bec9544752756aca802ac9549501dfeca61010cfbf36c94073c8d18f54eb5ba2e09203a635ee768d54040f5d8dea8b555a9a97919e9157da74ab5a7de48a95d4c4d78c905bffd457accd6c335448a34c7c082171c2364b0677e163f207e0d4426e4ea464fd6b1c72c54a6ae26b36a858ffa4051117fc6fa5ca5b449534b50d9ad366a8984699f81051786bba21dbfe00d9c389ea426a4ea464fd6b1c6ddd83a5e6b40d9ba15cc4ef76f5619ab88594346f6a2d69336cd4b3ae68c84195fcc2dcf737d678bfe2cef31b6944faf0ae2f0dcecfd19eb4d3df7d9841b3a6864a22afc69bbafde5d94be903c49a08edc16a56689b610b401b0669d406da3048a37ed062a5511b68b1d2a80db45869d4065aac346a030b64fe45360d4d5b0643e8ffc66f46a3e6d065008ddaf03fae18c8a6d1a9fe8e0000000049454e44ae426082, 1, 0),
(4, 4, 'What will print when the sample code above is executed?', 0x89504e470d0a1a0a0000000d4948445200000124000000f0080200000026438e360000000373424954080808dbe14fe00000001874455874536f667477617265006d6174652d73637265656e73686f74c896f04a0000200049444154789ceddd775c53d7db00f07333c826097b09b2c489032a2a0888a3ce56b1f8baea1627ce2a56fb53a975b5d5aa58579d6dadd6d68db356add56a2d4251410519a2a0a084b0b293fbfe11a0a0b99997a0f07cffe8a764dc7372cd937beeb9e7b90fb6f65034020034a425238f228468b5ff07006808eb0e0fd7fe0fa571fb0140f301c106809540b0016025106c005809041b005602c106809540b0016025106c005809041b0056624ab0c9ef2ef361f73e554652d3f2bbcb82879c266b6b75a872360562f5b84eff4b427e3b44342f9326b6f41a77b248adff7524ef4f3dcd18bf9f95d91bbb8726e6a98cdc365e99bcbc9353c4964c85d9dd6b461ae7c85695bc66cabcc4cbc5b824e5fbff4d5b7ca64843760b8cf61b1e2bf01acf77f46093dd02114dc9b9f9532f46ecfc668833d55a6d12317d3f4bb3ae65cb8c6f00e3062ffd214ebc62c28ec74a4b3ada3ce80e3655d1c5951fb477b3e33199f6ed86adbef2b2e6371aa32832768ceee826b0a1093b4ffbf599f61710afbabf735c1757be2d9f67eb19b928e979f50f235efc53383f38f1f6a985a1ae2c3a05e30c3a5b8e104288d5664c6cb8ecec9194ab47b37c474dea6ea727e6f19223bd5cc3a67f1ce167ef3b66eba64911fe4297013b7394ea67fb2278be9fa6d57c353485df47727de25389bf2af2bbcb7c79fdcf687fe3e5f797fb73fb9c2e4308c95217fbb9466f5c3dae7748604b3b87c04987f29506f60331c5836f179df05a96d0c7bece676ae8fd4944f77e96a52ef611f659b3727454b72e01ee1edde28e17a810424899b539cc73c0c9972973026cd96cb65dc8fa070ac3ed32dbcf5edf3feb8b1557c4b8c19dd3dcad3d148dbf4699b32dccd667d6d94205aea9bcff6d1f1eff83a3c56a1c97a52df5418c2e9f5e79a9d254dd5bdf85e131e7b604c77165deb6ae4caf797f8a35b82c734b08c365da5f55da2d496ecdf260ba06749f73f4b14483e31ab5a6a60d79e6d6fec133762d0b0b597aab5cf37a0fea119fe845e70e39f622ffbbf728dc21c78a9eff18661bbceba94a233a13e3e016fb6785b6d379dbbaf23a6dc852e0b832fb9b0ef58f6c5ab2b4a53edcf793c4da3feefdcf8fd3fb94b8fa71c4eab9295d82e3ca27bbc339eeb36e49f4ec077da4a9f1deacd0fd05755f668dfd4944d77e96a52df546b4908d0f6438ae2e3e35cad17ec4b952ed73aaa73b83581db7e42aeb6fc540bb1557c7390aa2cf8a0d75a699aa0d31da9be1a77e7e716fb247ec9e3eae7484e8eda69dc88951f1aa7fa7714697b973c21da818f2efdfdf7dd53f450a845834afa9970b47d2047c0c21cf88deee8b6f3c9723c4460851b90e4c99aae7fad5d1be2c8410a260d56de06aaaffd49d633e6cfddcf1a212c711c2deec472d0c63b48ce860c7cf72e6b708692de0143833aa8a2ad49847e4c251b4215bfe5c173a40a8ca3db2233368e1486f3a42c69e70d4813383668c6ec3420839bfd7d3a5ecf64b0542367af603118d28f56aa1fbfb41755f668dfd49f8b988f633bdc3b8687f0642c8316c4407c99c8bd9f2fe414cc2cd186897d376401bd9a7577365033a116f03201dc1a6123f13e1b66efceaa7a81c07c7dae730baad3d4bfb3da15029b8463b7290e79f5fbfe0cb9319628c4e9517e4283ad60e28300ac6f48f0ce0bcde06c6f2e9178d104282a1438de82585c16352108542a1b36c30845190b66576e759335c7a6cba50fcfeb0973fee7dd1fbebc1ae35a749f2fb0bfd6c16d6bc3f68e7d3bf633df43480d138b636da6f10858269b7ae6f3f105195e68b90bd8f03bdee6356d89f849f8b683f536d5df9da7d4563f3e9d2922afd0364fded622c574f8e38b7448910049b1e3a7ea869020f212a7b26ae3e40a8cb7232328b64c4037275fe813163f671175fb8f730233de5d7695e36f59ec6a80c9aa11f6073d9f87dbc303065f3b147a97b0f4aa31744dad536547f18991ceb414508611886abd4da4fa29195cbf44f1798ba1f104208616f7ed4b7727faa2b8a2bd4082184cb4b5fc9598e5c83933986dac530bdc313a033d8a82e7dc6777efa5de2956215c265d907c777edb9f47615f126d4952f441aa72e9d5c1998b2f0b73d494fe5f24a39e9d38bba51dd3e581c95bf313efe3063fcac20033ff834614b7bf593e47c19421af1ed8349cf14485fe898ba1fb44d78d9a3929c5775a7e6decafda9bcbbf750ba0447cafca47d69dcd07ebeda4312c586c35417a7e756e108979795941b37c5884b9fe74b043e0e3a8649a00e5da72074dfe9bf1c1af938ae9da350e0d8ed4b5afca95d83ec897fb56c5a4d4c188bd68404740ae933376de0d7f3dba6cdee37e7aafe7932b260c2888531d2d3d73c664e68cd30f05aaadbb0b5735df6f66dd7a96bf8985fdd87b763a954fabec426ee078410a2d8758e722fb87c475477bb6fe1fec4d841fdc42bc3035a38b75d5c3a7ef7d751fceac7edfb7e36d3e348948042613a75997ebac8a8f3dfaa8cf30f9941912d610c69808ed9c8778b327b73b063ffc32f0c4c135a8b3cfdf336dc906f7394865fda5864694bbdd95127c99a3cd488ce8e74701a7b516c706ab499aa0db1777db9963cf7e725eb5fc52c1be8f4967c129bd633bffaf0c9ea844b222b8da4cd43de3531d9fdadf1e7fd97ad88e4c3299b016fc957d42c553766fa0b5a2f2e8f3bbca607efadf997a6d8f7dfb8abefd569f3928a0d5f027fd7e15577d68e4b1426ec9fee4737fceae6ee5d3ea7e5846ecb926e6bec5ebc89ea34647fde90c6ee053146e0ea1c92968a629ca084d46272b6d5f4e908364cc7f43500c04c6b0f456b634af7910dc7619d1b00e4587778b836a0dee5733600de29106c005809041b005602c106809540b0016025106c005809041b005602c106809540b0016025106c005809041b00566249b0a90a7e8ded64c764716ddd061e7cfe56a76f01d0f82c48b151e61d5af9032521a33cce0772990030c882239b465ea964bafb3b40a401600c4b86919088038009cc0e36e5cbdbbf24157b86781abaa71500002164ee399bf4f69c5621899503b6df5ed416820d00a39877646375dd9c95776aece32513f7e442a920008c62ee3012637af59b1ae3987121d3846a5e003467964c9050e9145c0393240018c78260c3104208620d002359106c545b37813cef6ea19cbcde00d08459126cee315fce136ce8c487e55a0018c1923b225384116bae17af21ad2f003469b0ea1f002b816003c04aac166ccaec8ddd4313f3cc282edf1014f927e2df6f25a46318cdaefdf0757f9634fd8233a0d1592dd8a459d7b249bafead2afeebc46f4f2c980455666d8d1ef3b3e79ae432b5f2c5c9618f97c72cb969a07e2f00162335d864a98b7d847dd6ac1c1dd5ad4b80bb47b7b8e3052a841052666d0ef31c70f265ca9c005b369b6d17b2fe81022184105efc53383f38f1f6a985a1ae2c3a05e30c3a6b44355bf9c39df357dfac30ff0a1f4e6b396ee381d5c37cd9149a43d7fffbd0ab2c23afb27673b2d4455e98cd40637a028009480d368c4a47e23f4ef1979fbb95f2e0dfed3e3f4f5d70498c2344f79ffbc7fd9d41ac8e5b1e954b2412d1dff16d6cb46fe0f906daa6af1db74eb5f0ba48a1c12b4f0fb035bdd9aa6b935ad0b17a6cfb1c2a22be1661e31d3d675a8413156924cf6f7fbf66bfb8d7d4f0ff8a5c63349ea3d059c880c259805ca40f23e91dc645fb3310a238868de820b979315bef708fca7560ca543dd7af8ef665610861147ddff0aaebd3fc786c36db21eafbbc3f467b70d86cb6d3c023c51a4ef8dea7af95b02ebf34cad9c047d3bc38d08dca710b9991d237f1db519eff5d036174589e2c7a7ab037cf948f0d8041a4071bd5d6954f4508214463f3e9d2922afd530f180563fa4706708cd934276ce7e30a8944f2eaf2b896113f3dab924824c56747985b4c9be232fe965a529c7e72ec93d9dd3f3e56045324a081911e6cea8ae20a354208e1f2d257729623976ae81d189541b368c866ea30525d7273d7baef52ca71446139b61d347fe507f86f3fdd23a9f02d0044480f36e5ddbd87d2253852e627ed4be386f6f3656adbb1e130d5c5e9b95538c2e56525e56466c1993a8ca4d2e5b7be899bf4e5d52225c2a53967769f2ff5eae6c5ac795a91b921842f0cdf9a0d997a805464071bc60eea275e191ed0c2b9ede2d2f1bbbf8ee2573f6edff7b3991e47a204140ad3a9cbf4d345165c70e3841fc8bd3ad2c1fca3a16df83767be0ebc30da8b8151b81de39f7cb4ff9759fe35f72dd294dc3c7647d96de647de70272340aeb587a2eb1f147084106e1e59da526f76d449b1996f7f3b88cf0e15bacfb85ed1d8fd004d456d88913e8c7cd7f3dba40fcf3c68b56041576e637704343996acfa6f927061ff75bbc2e1b6b3807ca4061b237075cebb3ea9c76e35786863f701344db0ea1f002b816003c04a20d800b092460fb6c6cc73d3bc4c9ad8d26bdc4963966a99d84fbc32797927a7882d990a8b7a089a92460f3612f3dc4ca42939377feac5889ddf0c7136b8a4cce47e62dce0a53fc489574cd8f11816a2806a645ed4c63545077bda066df9fbe4821e2e4c1a86d803cf94e1388ee38a82a4a503dababb383bd879844cd99b51a5c1711c57646e0ad5ae30b161b1582c61d77519721cc77159da521feefb49da8be3b27bfff3e3f43e25d6b37d69ca225f97611bbef838aa6b072fa17d87893f3d5118ecabfc7e421b4ec8b7b975167a495316790b7aaf5e31aa5748e7566eee21b38f3d53eaeb27f1e7d53e2b3a37d2c171f485524dbd86a5299f7822fa80baaf044d596d88911b6cb8e4d62c0fa66b40f739471f4b3438ae516b701cc79539dff660bb4f389a2fc7d565c96b4378fe4b52a5da37a89eee0c6275dc925b6f6d2361b0116c5f96b6d407b17a6e4a97e0b8f2c9ee708efbac5b12033d95a6c67bb342f717a8ebb7eb8d68211b1fc8705c5d7c6a94a3fd8873d591a2b39f44fda95571759ca320fa6cfd2535b2bb0941428fd197ca0df41034110db58244677e9afac5effbef78c42e1adcc206516cbbc4c6772f3a7aecb159b73520cc7fc399413346b7612144737eafa74b59e64b03e74a1a51ead542f7de41f6afef0052f3f1386d07b491a55ccdad37fe847cb9e68aec1524baf2d3d4e5856279e6eaee2e9bb4e7466aa94ce02956216446b529a2fc378cc6b1b5d17ed329140cd7185a35a62acd17217b9f37cba6929a8f87b15c3d39e2dc1225424cddaf00cd48032cd77a233f8d266861c76a1f7b27e5133f235741611886abd4da80d1c8ca65f552d32cce7fab6e42f7e3da7c3c01b53a1fcfc7f27c3c0c4370870580ac331b4971ea3521287ffba6cb452a84d4257f7d3566ecc6bbd5cbba74e6b9d1842dedd54f92f3650869c4b70f263d5390bebe9926f4b2472539afde982a24351f0f973ecf97087c1ceafda441be5c736595a97f5acbc9870f8ec88a6befe4e0e0d87ac2258f9898d66ced533af3dca86ec3d6ce75d9dbb75da7aee1637e751fde8ea552915c4a8062d739cabde0f21dd16bdb25371faf2ae3fc43665064cbba6348c8976bbec89d8d7c87c8d33f6fc30df936a7cefc22c9f9781ad1d9910e4e632f8aeb4d5142be5c73d370f96cef0c9bd633bffaf0c9ea844bf50f6ee48d5765f7b7c69ff75fb622925ff7940df2e59aafe61b6c8862df7fe3aebe57a7cd4b2a26ffce5a78d59db5e3128509fba7bf3629840bfbafdb3505f2e59aa3669d3c4a751ab23f6fc87f7f93988f87718212528b753c01f972cd57333eb201605d106c00588959c156757d7a8090c76172bd3f4c4c9792dd25009a26b3828d13b6e351694565c1a1e01bab372443b125008c61c13012e378fa0954e572a85c0f80312c3967c31042087fd76f1409809558126c74e74eadf17f0e5dc89142c001609025c1467189d9f7e3c06b31be82f78f8b20de00d0cf9260c3c597174f39de6e475af1b96176904502807e96049b22ffca7569f799a303f946dc300780e6cea2231baec129340834008c62d10a121ca62201309a05c1a629cbba27e27a0a61013b00c6b064b996e794dca1ebe777845bd900600cb3526c38613b1e95ee20bb2b00346db0ea1f002b816003c04a2c0936c9ad192eb4e05dcf8cbaa98015aad598d41f847456b181ea33a0c158725b0466fbf8b3372a3d9c8cbad226cdba962deb6d416b24f7a7b68acdbebb75abd868abcf9c0c9fb063e01f738cbda72c004631eb5676cadced11f62c960d422868e75355cdc344d56408abc0e8a479f573a44be8b4b1e1be763ea313bf9918ee2770eebf235b81e3b8a6f2de8e8f3bbbd8f26cb9bc16119f9c2e549ad51f1cc77556b1a9e980eeea33009885942a36aafced5dd875bfdc7aaac9105481d1497ca2179d3be4d88bfcefdea370871c2b7afe63986df0aea72a5c99b7ad2bd36bde9f620d2ecbdc12c27099f6579599fdd159c5a696ceea330098a5c1ee1b696a35199d308cd132a2831ddfdd99df22a4b580e3eccca82aaa50239ad7d4cb85a9eb42f918627846f476173f7c6ea8160e517f08abd8208408aacf006019d2abd898584d860085c16352108542a1b36c30845190764bf2fcf3eb177c7932438cd1a9f2821c4547839b27ea0f61151bedbba0fa0c20dfbb34f5afce3f3066cc3eeee20bf71e66a4a7fc3acdcbc6828d1155b1a9f70ac81b0224b256b0995705a63e75e50b91c6a94b275706a62cfc6d4fd253b9bcd2dc3ba01056b1410811549f01c032e6049b2a7f7794039bcde6f9cd4891dc99e6c763b3ed7a6cd47f65cabc2a30f5d9b49a983016ad0909e814d2676edac0afe7b74d9bdd6fced57273fa4354c5464b57f519002c05556cde784677f51900cc03556c88aad810559f01c052cd37d87457b121ac3e0380a59af514c0eb556c909eea330058aa191fd900b02e083600acc492605315fc1adbc98ec9e2daba0d3cf81c6ef90f805e169cb329f30eadfc819290511e07456b0130cc92bb6bc92b954c777f82e5850080fa2cbb492bdc361200a3991d6cca97b77f492af60cf16490d91d009a2ef3ced9a4b7e7b40a49ac1cb0fdf6a2b6106c0018c5bc231babebe6acbc53631f2f99b827d79cf5fb003443e60e2331a657bfa9318e191732219b1900a358324142a553700d4c9200601c4b0ad8230425b501309a05c146b57513c8f3ee161abae70e000021cb82cd3de6cb79820d9df8b05c0b0023589262431146acb95ebc86b4be00d0a4c1aa7f00ac04820d002bb14ab0c9ef2ef361f73e55d6f0cd040f39dd70ad34f4f64113d7448e6c55c96ba6cc4bbc5c8c4b52beffdfb4c5678a489eae69e8ed83e680e46053155d5cf9417b373b1e9369df6ed8ea2b2f6b6ea5835114193b46777413d8d0849da7fdfa4c7bdb48bceafece715d5cf9b67c9ead67e4a2a4e7d57793c48b7f0ae70727de3eb530d49545a7609c4167cbf5b6cb6a3326365c76f648cad5a359bea32675b7a3208434afce4ff172893e5ca84608694a2e4cf6741c7c20dfac0a71bab6af7eb62f82e7fb695acd121a4de1f7915c9ff8d49abf65a98bbc309b81067a0e9a0f52834d95fbdd47313f787e75a7a8425a726d56e5fa61534ebeac3e0654fdf34b59ecef4f4bc5ff7e4a3930ffab5429424895fffde479d7227ec92f2b7b7567912c716ac23f1284104218cf37d0367dedb875aa85d7450a0d5e797a80adfe8fc171153ebf513a66d7a7fcdb592c77211d2184280eef7f7378fca37953becf971727cd9dfc5bafbd7bc77a9a35ffaa6bfb54f7a1f103cabfdf965ca9fdf04f4f7e9be23f7b6afb9a3bbb62349ea3d059c8801be2816a24dea45595bf2398d976dda3ea1a68aaca97c562991ac77159da526f46f703cfd5b8f60f1f6edfd3da724cca4a9148a6a97998197154a47daffcfe0a3fe438e55a85b16d6b24d9178ede295555651c3f9e5656a70e94f4deba6e2e5da2c35c5acfbf66c15d57756fbfea569ca763cc599106c715995f060a220f14a8f46e063443b52146e6adec54e26722dcd68d5fbd4d2ac7c1b1f6398c6e6bcfd21e4629544a4d3519e2aa34180563fa4706708c6d1b63f9f48b460821c1d0a1f59e60b69bfa59e8eac1c7daef3cd8c382bbaeeade3ebbf3ac192e3d365d287e7fd8cb1ff7bee8fdf5605723cb9e826688cc61244de0214465cfc4d56745eab29c8ccc2219f1e249035569302a8366f1104c53f2dba773feeefde9d897cb67fe60def99a3e367e1f2f0c4cd97cec51eade83d2e805917630660484c80c36aa4b9ff19d9f7e9778a558857059f6c1f15d7b2ebd5d45fc7a32abd210b4f0fce88c89bff5ddb777d5f6c3b14f3f199df8b07621a72a6f6b170cf35ff6af65294254b70f1647e56f8c8f3fcc183f2ba8de815891b921842f0cdf9a0d197f002144f20409dd77fa2f87463e8e6be728143876fb92167f6ad7207be2df7aa2aa3464754799b367fcacbba37efcb2b790ca095afad322e5aa115f2457e20821a429b979349d33f08bb8400b2bd560c2888531d2d3d73c664e685d2f695d5372f3d81d65b7991f79c31d91805633ad62233e1bede0bf244562f8950629b337073bf63ffce2b5eadce2b34385ee33ae1b3dc5039aaa069920798748d24f3dee9eb0359065f196e4b93f2f59ff2ae6e7814ef50709d287671eb45af05557aec52d80a6a299061bbbc7f6b453166fa5eac6cc4e7df64822128e7dd783f7da701917f65fb72b1c6e5f0bfed34c838d1c9cd06d59d26dba9f63b71a3c54f733a0b96a226b230178fb41b0016025ef58b0496fc7b9617ecbefc95e1d0ec3a8bd4f88114208959f1bc4759a745d7b494f99b9be2d2370538e0aa1f2738318583d5e0b92a5082159daa7de8c907d6fdcca81e871a42abab862502b1e8661366ea1330f66d55c9cd3dd1f007479c7828dca71e0daf09c6de9367c219be7686bf09493ee38f1cfcaff66619f6c0c3663025295b72766e837b2d88b2faa4ad3bef23d39befff2648979fd01cd1899c146624a0b112ad7916b63ebcca352b90e7cbe23d72a2b11953947b6fce53c6be3eceece6c419b51eb56777bb66fdb9d2a43fd81141b501f99c1666a4a4bd5b5492de8f58779b67d0ee9cdcba4721d6c6d1df97444e53af2054e3cab049b34e7cf5c5a9bb096dab52614bbc06ecee27fefbd521be80fa4d880fac81df760bcee093fcfefd577d8e8bd8519238edc1aeca42f1a38e17b9f2af79ad6827df4998743983c44edb8ea9f1b18bb76e9b2eae5be5e0e87e91842b85a2a5374a8795cf9725f4feebe9abfda24dc4f5ddeced45220aaca7205c39555f351282c010b49c552354254c2fe2084181d96278b969bd81668c2483f6763b69bfa5968d6b11bdef3e75992d24288c6e1b1a808210a83cbb5f9aff754e1885fee67676767673ffafd53bfff2e25d73f67cb303dd21042349ec0462eaeaa190f6b24220962db73a8fafa03c01bc8fe7a9892d262c630921046e338b8b8bababababa3af1e9e40639cba7a78f2ae36ab6142184904674f7ef62fbf702ed21730d9886dc60d393d2a203277cef5365fd359be5974639bf758707ba77ccdcb0573b176efdbb4451957d6cf9ca649fd8199dd986de062936a03e32bfd9fa525a1a8bf2e5be9edc3a87cef6eb1f557ff715b727b9516b1e660c3853738b3a1d8fd3bc261d39b990bd33ca81c16d3b2f73d88f679775349899032936e035d8da43d14b461eadf71086e1509cc66265e786794f753dfd705b282cfc6fded61d1eae0db1b76eccd65468536c16408a0da8054b1e1a08a4d880d741b0351048b101af836124005602c106809534e96053e56c0aac7fd1dc75fa5f12ebb5af799934b1a5d7b893456a832fc52b939777728ad892a9b042bf40e368d2c18610428cf61b1e2b6a2f9a3fdfd1c3e0c568b2684acecd9f7a3162e737439c0d2f36c1b8c14b7f8813af98b0e3315c036faa480c3643555d2c85971ce9e51a36fde3083f7bdf315b374d8af017ba0cd899a334bd5df9dd65bebcfed597b1e5f797fb73fb9c2e4308c95217fbb9466f5c3dae7748604b3b87c04987f2abbff984d57988291e7cbbe884d7b2843ef635fbd8400a12b3fdecf5fdb3be5871455cff2227a4ea341524069ba1aa2e6f30716d24466360256985d147aeacb73ffce9e521bffcb9d5ffafddbf172153db258451e9f88bf327b84b92febefbf8dff5c2238bbe4c9122fdd57988c8327ed89fd769c6d03a29468652903061d8f481e8ecce9bf5c30a52759a0a328791983072e128daf12d7f96e20829738fecc80c9a3f52cf622593d7466218a36544073bbebb33bf45486b01c7d999515554a136b55d7d7066d08cd16d5808d19cdfebe95296f9528190faf9c5bdc91eb173fab8d211c66937ed444ed6f783ecf5ef398d28f56aa17befa0fa2fd3a620952e1d367af8b43b230e6e793d0589d376401b59cad5dc7a07654687e5c9a2a7077bf3ccfa40e0ed41ee391bbbf3ac192ebf6fba50ac913ffa71ef8bde9f905dd585c2e031298842a1d0593618c228485b0f474fbbf2fb0bfd6c6a8f9cc1bb9ee91f0062348ead8df61842a160daadeba8cec36718d871aad27c11b2f7717823e4f5a620612c574f8e38b7044edb9a249227484caaea42628a0d71bbf5274892633da848bbfc53a5d69e1a6964e532fd4d9a5a9d07218410a6fb931b9182846108468c4d12d9b3917aaababc81cc141b53da4534614b7bf593e47c19421af1ed8349cf14485fe8985a9d47db84973d2ac97955ff1865280509973ecf97087c1ceaadeb81549da682f4a97fc2aa2e0dcc9476a96ec3d6ce75d9dbb75da7aee1637e751fde8ea552e93bb899589d07218428769da3dc0b2edf11d5d9aee114a4aa8cf30f9941912debceed40aa4ed3417e151b82aa2e0daeb1da25204fffbc0d37e4db1ca5e19756d388ce8e74701a7bb17e3562a886f3aeab0d31d28f6cd5555d96bd5ed5a5a13556bb846c5acffceac327ab132e898c3c0995dddf1a7fde7fd98ac87af32690aad37490facdacba31d35fd07a7179dce1356f547569488dd5ae7e14fbfe1b77f5bd3a6d5e52b111cbb5aaeeac1d97284cd83fddaffe681117f65fb76b0aa4ea340590a90d40c3824c6d00ac0d820d002b816003c04ade866093dc9ae14233b890aa9a327b63f7d0c4bc37d75ea88bce2f8ef46463188651982dc75fa934bcad37f3cd1aa30494ecc1d68fba45be1fd97dc48e4c39424853727e6ad047070b8cda1d75698a7e8d76ebb03c4d6afc5b1afcf3429e5e1d6f43b031dbc79fbdb17fa8deba00b5a459d7b27525cfa80b8e2ddb9c3ff2b752158e6b6479077a199c2bd7956fd60825a0aa92bfde5432fbe73307a7147eb3f95fa9467469e9b292799bfecfdde455a514e70fbf5acadf15b72fc7e8b5260dfe79214faf0e52834d96bad847d867cdcad151ddba04b87b748b3b5ea03d02e1c53f85f383136f9f5a18eacaa25330ce206d76962a6f47a4039b6bef1dd46dc289ff26c889f2ca94599bc33c079c7c993227c096cd66db85ac7f13c1f078000008a249444154a04008291f6fe969cff59f99a2c8fdbab71b8fcd66db876dce32f46ffb66be19d25d02aa81f3f454a5057281139bc675e6490a44c597972d7d11b7799487f66baf787224aea78fab9bbbbbab5beb419f5f7da5ff7047f79dbc65f2ab2f169daabfc094384f8f8c125c86f60fe4e9d5227305892c6da937a2856c7c20c37175f1a9518ef623ce956a701cc725b76679305d03bacf39fa58a2c1718dbaee220955fef62eeca09d4f5575b6e383583d37a54b705cf9647738c77dd62d49f56b9fee0c6275dc92fbc6ba0cc5a3756dd8613fbfd2bcfe0401696abc372b747fc16beb4d5efd1ce136fc62392e4d59d43af0f30c398ee3b8467426c6c12df64fed220e65deb6aebc4e1bb2146f6cb246e51f133d5e3b44f07aff44b4b245f2cfbc80e00d5995195f746c337de3e4a0217b9ed47eb88acb239d7c16deaad0e0b8fad5efff1b3de768814af7566a694417277ab49cf147599d1da1677feafabca632bc7f2aae8e7314449f15d77b9bec6e4290d063f4a57273da7c97d48618e9c146effc6d9ef60b213a1ec56a313f598ae3382ebfbfc20f394eb9a673d191ae60f36686fd54acd1feb1cc97dbf774f53f1459c1a62ed81bc2f05b7e4ff6fa13caca72890ac771b5aca2425e131f55b7e23c1d63ce8a3438aec8fc32501079c0e097de78cac2a4f8c1a1dd4307cf5e32a2d3a0eff2ea7cb4aa9bd3dd581da6edfcedde0ba9b1bf22b8aae0c781ce810977a5b58fe8d99fba3fafa90ced1f4df1a17066cbc5a952a20d34690db75c8b6aebcaaf2ea6c4e6d3a52555da810f46c198fe91010696e3ff47575e199908f3cd7496806ad03c3d9aeba075a7afdf38b3887aa92276b9fbee985ebd7af5fa68d5359106b143bebab47f58d5a1d93d5d58f61d63569d2f34e2c487ea16b3f113c6d63907eace2211ee4f524a5e19da3f90a787106a800912754571851a21847079e92b39abce69004665d0de9ab55444f966041a3a4f0f2fbf91f0c9a3c99ba26eae38d2626dd2e9cf8507961c79a64618b7cd88841fae3c14c95f9c9fa6da3272faf952237e766c0266247efc2c61f11943f76e208d31fb07f2f4480f36e5ddbd87d2253852e627ed4be386f6f335fd5620fa506c384c75717a6e158e70795949b9b9bf95baf3cd8835689e1e5ef1d7e70b33266c9dec8dc9354c019746e3f06d5472b52277cffff59e7bae588d301ba7b6c16d84340ad5b81f09ce7b4b37f5bab160d5cd0a738704aabcad5d30cc7fd9bfc6cd03e9df3f90a78710223fd83076503ff1caf08016ce6d17978edffd75149ff8b5aafcdd510e6c369be737234572679a1f8fcdb6ebb151ff1519ccbeef67333d8e44092814a65397e9a78bf4d75b24a42bdf4caf86cbd3c32b6ead5a7077ecd629be74baf788398117623ff870f6cdd0c51fb560797e10dbf3f1fc4057573737b7808ffff97077625f81711ba5d8bfbf7695f7e1d9890ff455c823a629b979349d33f08bb840237f2cf5ee1fc8d3d3227b82841d75526cf8956f0193f3cddeb27cb986253e1bede0bf244562c25b08f74f73cfd36bb8099277265dc0c47cb3b72e5fae4149d24f3dee9e30279065f43b88f70fe4e9d5680edf1c02c6e79bbd9df9720d89dd637bdaa951c64eb9ead93f90a75707e4b301d0b0209f0d006b836003c04a1a3dd80853661a94fae5e5842101023a8d65e71b31e748ae79f3e30098a2d1838d2865a621698a4fc6c66c637e965caeac78f85dd74b53476e870410d0e0c80d36a2541aa42c3cb36c603b0f571747fb16dda6ee7b20c111224c99212ce944b47de21412ddbd145ddbfebbfdf41523fc5818cd29f293659d1eec399e57fb8e6698fa01ac82dc60c378be81b6e96bc7ad532dbc2e5268f0cad3036c1142aadcef62461c705e75f3c98ba2dc1343efcdfd70559a0c2144f79ffbc7fd9d41ac8e5b1e954b2412d1dff16d6cccd93e51a927028ac2d41cdc3bd843bbd08162eb1fc82ffcfb49ede1154a34818641f23092ca7560ca543dd7af8ef665610861140c21a47ef1fbfe3b1eb18b06b7b04114db2eb1f1dd8b8e1e7b6cd66992ceed23a4bbd413118db44c4ee73295d547b00a068f2e2f97d65eda86124da061909d07af2b95465d5e289667aeeeeeb2497b91542d95093cc52a84cc58634894aa634a4a0e85c56728b3a4c8a1fb98c912374f9a54ac60f0598d7ef60a9aba06b8c9c61ba93434410b3b56fbd83b299ff819b960406f49278b53756cdc83fd2947fe79e1b46acdee68a42ed89322f6f83f6fe357260160166bfc9e539c7a4d08cadfbee972910a2175c95f5f8d19bbf1aea4fa395d2933269674321566171e37a06c57c2cf8fa5b8f2f9c5b56b1f749e31ccabf667a7f9a57e00ebb0cae089d672f2e18323b2e2da3b393838b69e70c92326a6355bfb94ce9419534b3a990ab31fb0edf87cf59a201e85e937e3e1f01f0f4f6e591b6bcd31f5035805ac8d7c5dd9b961de535d4f3fdc16da9c16a48386036b238934c7d40f601d56b80be9bb0517f65fb72bbc79a57e00eb80607b0dbbd5e0a18ddd07d034c13012002b816003c04acc0ab6aaebd303843c0e93ebfd6162ba0935530068cecc0a364ed88e47a515950587826facde905c45769f0068922c1846621c4f3f81aa5c6eadbbee02f06eb3e49c0d4308a1667cf91b009358126c74e74eadf17f0e5dc89142c001609025c1467189d9f7e3c06b31be82f78f8b20de00d0cf9260c3c597174f39de6e475af1b9617acbba00002c0b3645fe95ebd2ee334707f2c92b5606409365d1910dd7e0141a041a0046b168054973cec401c05416049ba62ceb9e88eb298405f20018c392e55a9e537287ae9fdf91dcd2a200345566a5d870c2763c2add4176570068da60d53f005602c106809540b0016025106c005809041b005602c106809540b0016025106c005809041b0056f2fa0a120cc36aff0b00b0dcda43d1da807a3dd8701c6fe685350020d7bac3c3b501a57b18094736004807e76c005809041b005602c106809540b0016025106c005809041b005602c106809540b00160253484d0bac3c3eb3eb464e4d1371f04005848c7ca2cedf21158b10500b96018098095fc3f38c855eba44403dc0000000049454e44ae426082, 1, 0),
(5, 4, '"My salary was increased by 15%!" \r\nSelect the statement which will EXACTLY reproduce the line of text above.', '', 1, 0),
(6, 1, 'In formal relational model, the set of indivisible values is called:', '', 1, 0),
(7, 1, 'In relational model terminology, the table is considered as ', '', 1, 0),
(8, 1, 'The format or data type must be specified for', '', 1, 0),
(9, 1, 'The cardinality in relational data model is considered as', '', 1, 0),
(10, 2, ' A ..................... specifies the actions needed to remove the drawbacks in the current design of database.', '', 1, 0),
(11, 2, 'A relation is in ........................... if an attribute of a composite key is dependent on an attribute of other composite key', '', 1, 0),
(12, 2, 'Fifth Normal form is concerned with\r\n', '', 1, 0),
(13, 2, 'A table is in the ....................... if only candidate keys are the determinants', '', 1, 0),
(14, 5, 'Can you combine the following two statements into one? ', 0x89504e470d0a1a0a0000000d49484452000000de0000002f080200000003cbe35c0000000373424954080808dbe14fe00000001874455874536f667477617265006d6174652d73637265656e73686f74c896f04a000008ea49444154789ced9a795414471ec77fd53d0773702c0a412e3518128888a26c8018155492278a415f560d5e21a23e54c0608c266a10cd3ecfb810750d467d88465d74d72b714d56f0405151d035e2c1d3aca27244981d998339aa7bff185c51ba9109c34cfbaccf5f33bfd73555f5ebef5455f7ef8b9a9a9a8040101e94a30740207043a4491028449a048142a4491028449a048142a4491028449a0481220069e27bdba7cc2e7ce4e861100486c8a1bd33f5c7bfde70ad9bd4a46f3c987dda307cdec7c132870e88201cdabb6a6a7ea133e24547d536eedd2574748cb2ecc74be70b1fbc1a17db5d0200ba731983462ecd59382d71dca898d8e44d971bd9e6abf1bdfc84e0fea967b4b61d044198b4579acade78e2dbb65f63c5ae1eb8f241c4c264d7ca7ab75714340000451b6f9f6c4c589bbf67ffee59382fabe0aeb9f96a5aeeeee9e12641b61e054188708bcd749fda904b69c4a06f04433d0a5c689a1e0080a1640b5da243aa07e03311a747b114c0a3323afb0062113cac83c80cf384000080bb87e915b9282683bd5188300b3e63cd49a1c02d2816fe3024e3d341c16a9f3211c382e52ada73e0c810570aa04bd860af3f9fbca54deaee0a0074b7b15b8e8feda4441084069734cde86fd9283ad31c2a0700f8ad88beac6c8ecb869a3f09056440398b507d24eb81c0250c2f0e0300601f52f3f3d198b9ac14c07f244e2e15afbac8ac5f82bbd06df64fbbf5891900005d6306b6082abaca690000e4e422c5da46132388e735825de192a60e5d716613e4cddf3ca2f130cb2729dbb7072000a0c19d06230340437511fdd71f10ebc6ba4b5095113f3e16027266674c639ea34b3eb0b641870100186d838e523a4b882e5f42b86eba8c0dac4795bae66fa63a74e1017763a69a5a718e9db7dabc6c114e4f627cc5361a14ae3b79e0929a0163d5c99f6afc07bd267f1cde3fb9ff80c9050fb08dfa210819ae5553cc26a6b36b33457b6540316076623e4c638d77a83dc7285517342089359ca20e155335a7d9b97f64c34d74ce5714c30085e0720914c4992706a1e2adf4ae9f905e4d173b41c8043cfa552b0725f10d97ef9b3162e19d7ad47b7ace18dfe641ea6f165d47614b63bc7edf5a4c78b14082b312eb4ae7bf97d563dbdf53029e59840dd7d68c4e512d3bf455b8d2312323d89517e7148755572e29122687125dbe2438b61a6415e2c0e42f637b491c3d0c829d10de864e2000c08bb4a1135e32ec2c4d465dbcf8dd512bca34ecf3afed08addd4cb8e6404af4b84d376cb747e0fb7ba64486f50d0eee33fd44639b416bb175966c3f777b605f696a2fafcf3af3d6a2947ecaceab8333f5c7d764e59ea836e9af1dcc5eb6a5426f09d35e2317a538edc87c5291ef28b4cfb8bc92d2a34b7b2b9e17b4129e2c61bdcefcfbb46afbb9db032e69f27b7f3a06ae3b9673d8756a727f973684d9618b13979b09000068efb8b461b5dbb65ed1f1b6c535058971b317cc1c3338367ddb770b128747c5af2cd7b2801b4eaf9b3a342222eaad88d8999bff6d6d3e58edb59df312de898c8c8c1a323ef35095110080d5dfdaf7c5f8616f470ce81f95f0d9ee1bbae61f6d9d255c7f36ff9bec359fa76dbe6e68f1ab86aa23dfacfa3a2767edeaade755b8ad20cfdc05eee4e25c35f9bd3f4fa3294e8b7c33b8057de3739ecade5330aa73fb2a7cde8ff16ef3ad40c72d4e5c6e260bf2a0844170f260a59eaf29a268f3fd9b5e69b94b038a732be2b2d74f608b8efe6a30dcdcba74b728edc0e933a7768eaffb76f9e16aabea514d5737a46d504fdc75a2e4ccbf36be7369f967ffb88fc1707d53eaba863f6d2d2c293db565c4ed35f3b6dd3202706689ee1231694edaccf75f93b6f84be3bac2edb7de99f5496a6afa946e3f7fff8b8e37c83f77613bb97834c0e3fd7906e5c0ec92abedeeca5075fe8e2234c4bd652da7532c4e9c6e26000070ea11e5aff9b6428543657c152524eb19e62777eeeaead5ddcfd9ad466928d533d2f0b9070a8d12050de01d16e2bcfb4e8309bcdb5d9232de3b71bcb1df82585f0980e4f5d1637df2fe7955931050744c15b620d65f8a008292f20a3f1429257c59e2a2e9ce5559e4600500d05dfbf7531da9368506883983bc7317b8938b4f9a9de0fd31ab6b74ca48d716359e4eb23871ba9900000089ddbd64da6ab5995f59482c132384285a2415214403cbb0c06a2b0faf5ab9b3b4d64cd34dd5b58c75b7136bea744e5d5d2d99a69d3d144ca34a6fd4d46aa5eece8f452277797c366d9d256e588c5c9596e694dc5d6636327cc1f6cf5d58f048b37dde1f4d71daf0193fab9f9cbc24bd66ee2e487d43cad71b7a7aef7088c5c9faedcb7c3bffd395d71376ec9dfa86bca97cf188f9d63517293d15866b8f2c6722dcf89b56e4d645265578caff1f648daabb557a8f9ede720aa05596b84134a3b6dc2260f40d7a9107c5176cd9c8ba913b169ea590c7fbf30cca81d925572b5a70e9601bba14b9769369eeab5b1c5bed6f713235d4e894de6ed61d65b1f6a156e21be823a7ccb5a7f79eab6fd29bac790e12fb0e19e27c31ffe85d23b0da8afdfb6ade8cefa314fb4547bb945982baeb79333ec8386439c0b6ce12374edd7bebcf56ea00003fbc50eed6b79b982fc83b77813bb9786e128ff7a74348fdc3bb6bf2aed4e33e3ecd6b9cdd2d4efaff94dc558604b959b7a3495f9ff071bf99f3e3e3fdfc7a0dfd282deeec92f98bc2bf9b7263ceb4efef9999a62623cc1a142611fb256edbfeee914949cf06f76404a7fc6576e6e78943d69a596560c2f2d5233c6980a0949cf4ac851307afd19b253ddffb62dd14cba9b07596003f3cbb67efc5da5f2f944b73b15f8f9809a3829488f68c99d43377634eb113d6cb8726c5ca01003883bc7317b8938bab50c9ebfde920b8eee0b4d13b620a764df2754c3274e599233360ede1cc7edcbb8020e8a42cb59ebbd09d5cf67ce54e7b0e4d8dfb6fdee6321bbd27b5125cfd63f6b1573e4a0a11b02ea193b2c43177c13bb9ec5b0d5284ce591279366b637967172a5b836b7e58be519f98f981bfe0cd5636cf12f7dcc581c95f4e16b0938b388f080285388f080285489320508834090285489320508834090285489320508834090285489320508834090285489320509e14553717ddb27c488e0e201112717804b1ac436c4004c273f81fb15647cae324d6480000000049454e44ae426082, 1, 0),
(15, 5, 'What is (void*)0?', '', 1, 0),
(16, 5, 'How many bytes are occupied by near, far and huge pointers (DOS)?', '', 1, 0),
(17, 5, 'A pointer is', '', 1, 0),
(18, 6, 'Which of the following correctly initializes an array arr to contain four elements each with value 0?\r\n<br>\r\nI. int [] arr = {0, 0, 0, 0};<br>\r\nII. int [] arr = new int [4];<br>\r\nIII. int [] arr = new int [4];\r\n for (int i = 0; i < arr. length; i ++)\r\narr [i] = 0;\r\n', '', 1, 0),
(19, 6, 'Which of the following is not possible statically in C?', '', 1, 0);
INSERT INTO `question` (`Question_id`, `Subtopic_id`, `Description`, `Image`, `Level_id`, `provided`) VALUES
(20, 6, 'What is the correct syntax to send a 3-dimensional array as a parameter?\r\n(Assuming declaration int a[5][4][3];)', '', 1, 0),
(21, 6, 'If we have declared array described below as-int arr[6]; then which of the following element is considered as last element?', '', 1, 0),
(22, 7, 'Strcat function adds null character', '', 1, 0),
(23, 7, 'The return-type used in String operations are', '', 1, 0),
(24, 7, 'Which of the following function compares 2 strings with case-insensitively?', '', 1, 0),
(25, 7, 'In c programming,if we need to store word "INDIA" then syntax is as', '', 1, 0);

-- --------------------------------------------------------

--
-- Table structure for table `q_answers`
--
-- Creation: Oct 02, 2015 at 06:13 AM
--

DROP TABLE IF EXISTS `q_answers`;
CREATE TABLE IF NOT EXISTS `q_answers` (
`answer_id` int(11) NOT NULL,
  `Question_id` int(11) NOT NULL,
  `Correct_Option` text NOT NULL
) ENGINE=InnoDB AUTO_INCREMENT=26 DEFAULT CHARSET=latin1;

--
-- Dumping data for table `q_answers`
--

INSERT INTO `q_answers` (`answer_id`, `Question_id`, `Correct_Option`) VALUES
(1, 1, 'opt3'),
(2, 2, 'opt3'),
(3, 3, 'opt3'),
(4, 4, 'opt3'),
(5, 5, 'opt3'),
(6, 6, 'opt2'),
(7, 7, 'opt3'),
(8, 8, 'opt4'),
(9, 9, 'opt1'),
(10, 10, 'opt4'),
(11, 11, 'opt2'),
(12, 12, 'opt3'),
(13, 13, 'opt4'),
(14, 14, 'opt1'),
(15, 15, 'opt3'),
(16, 16, 'opt3'),
(17, 17, 'opt4'),
(18, 18, 'opt4'),
(19, 19, 'opt1'),
(20, 20, 'opt1'),
(21, 21, 'opt2'),
(22, 22, 'opt4'),
(23, 23, 'opt3'),
(24, 24, 'opt3'),
(25, 25, 'opt4');

-- --------------------------------------------------------

--
-- Table structure for table `q_options`
--
-- Creation: Sep 29, 2015 at 02:31 PM
--

DROP TABLE IF EXISTS `q_options`;
CREATE TABLE IF NOT EXISTS `q_options` (
  `Question_id` int(11) NOT NULL,
  `Option1` text NOT NULL,
  `Option2` text NOT NULL,
  `Option3` text NOT NULL,
  `Option4` text NOT NULL
) ENGINE=InnoDB DEFAULT CHARSET=latin1;

--
-- Dumping data for table `q_options`
--

INSERT INTO `q_options` (`Question_id`, `Option1`, `Option2`, `Option3`, `Option4`) VALUES
(1, '10 11', '10 9', '10 10', '11 11'),
(2, '1,2,4,3						', '6,3,2', '1,4,6', '2,3,4,5'),
(3, '5					', '6	', '10', '11'),
(4, 'y =ELLO					', 'y = LLO', 'y= LO	', 'x = O '),
(5, 'printf("My salary was increased by 15%!\\n")', 'printf("My salary was increased by 15''%''!\\n")', 'printf("\\"My salary was increased by 15%%!\\"\\n")', 'printf("\\"My salary was increased by 15''%''!\\"\\n")'),
(6, 'Range \r\n\r\n', 'Domain ', 'Relation ', 'Tuple '),
(7, 'Range ', 'Domain ', 'Relation ', 'Tuple'),
(8, 'Table ender \r\n \r\n ', 'Entity domain', 'Range', 'Domain '),
(9, 'Total number of values \r\n \r\n\r\n ', 'Limited number of values', 'Two numbers from set ', 'Three numbers from set'),
(10, '1 NF\r\n\r\n', '2 NF', '\r\n3 NF', 'Normal form'),
(11, '2NF\r\n', '3NF', 'BCNF', '1NF'),
(12, 'Functional dependency\r\n\r\n\r\n', 'Multivalued dependency', 'Join dependency', 'Domain key'),
(13, 'Functional dependency\r\n\r\n', 'Transitive dependency', '4 NF', 'BCNF'),
(14, 'Representation of NULL pointer		\r\n', 'Representation of void pointer		', 'Error	', 'None of above'),
(15, 'char p = *malloc(100);		\r\n`\r\n	', 'char *p = (char) malloc(100);', 'char *p = (char*)malloc(100);	', 'char *p = (char *)(malloc*)(100);'),
(16, 'near=2 far=4 huge=4	\r\n		\r\n', 'near=4 far=8 huge=8', 'near=2 far=4 huge=8', 'near=4 far=4 huge=8'),
(17, 'A keyword used to create variables	\r\n', 'A variable that stores address of an instruction		\r\n', 'A variable that stores address of other variable		', 'All of the above'),
(18, 'I only	\r\n	\r\n', 'I and III only', 'II and III only	', 'I, II, and III'),
(19, 'Jagged Array	\r\n	\r\n', 'Rectangular Array', 'Cuboidal Array	', 'Multidimensional Array'),
(20, 'func(a);	\r\n	\r\n	', 'func(&a);', 'func(*a);', 'func(**a);'),
(21, 'arr[0]	\r\n	\r\n	\r\n', 'arr[5]', 'arr[4]', 'arr[6]'),
(22, 'Only if there is space	\r\n		\r\n', 'Always', 'Depends on the standard', 'Depends on the compiler'),
(23, 'void only	\r\n	\r\n', 'void and (char *) only', 'void and int only	', 'void, int and (char *) only'),
(24, 'strcmp(s, t)	\r\n	\r\n', 'strcmpcase(s, t)', 'strcasecmp(s, t)	', 'strchr(s, t)'),
(25, 'char name[];name = "INDIA";	\r\n', 'char name[6] = {''I'',''N'',''D'',''I'',''A''}	', 'char name[6] = {"I","N","D","I","A"}	', 'char name[6] = {''I'',''N'',''D'',''I'',''A'',''\\0''}');

-- --------------------------------------------------------

--
-- Table structure for table `subject`
--
-- Creation: Sep 27, 2015 at 06:13 AM
--

DROP TABLE IF EXISTS `subject`;
CREATE TABLE IF NOT EXISTS `subject` (
`Subject_id` int(11) NOT NULL,
  `Name` varchar(30) NOT NULL
) ENGINE=InnoDB AUTO_INCREMENT=3 DEFAULT CHARSET=latin1;

--
-- Dumping data for table `subject`
--

INSERT INTO `subject` (`Subject_id`, `Name`) VALUES
(1, 'Language'),
(2, 'Theory');

-- --------------------------------------------------------

--
-- Table structure for table `subtopic`
--
-- Creation: Sep 27, 2015 at 06:16 AM
--

DROP TABLE IF EXISTS `subtopic`;
CREATE TABLE IF NOT EXISTS `subtopic` (
  `Topic_id` int(11) NOT NULL,
`Subtopic_id` int(11) NOT NULL,
  `Subtopic_name` varchar(30) NOT NULL
) ENGINE=InnoDB AUTO_INCREMENT=8 DEFAULT CHARSET=latin1;

--
-- Dumping data for table `subtopic`
--

INSERT INTO `subtopic` (`Topic_id`, `Subtopic_id`, `Subtopic_name`) VALUES
(1, 1, 'Relational model'),
(1, 2, 'Normalisation'),
(1, 3, 'Concurrancy model'),
(2, 4, 'Functions'),
(2, 5, 'Pointers'),
(2, 6, 'Array'),
(2, 7, 'Strings');

-- --------------------------------------------------------

--
-- Table structure for table `topic`
--
-- Creation: Sep 27, 2015 at 06:15 AM
--

DROP TABLE IF EXISTS `topic`;
CREATE TABLE IF NOT EXISTS `topic` (
  `Subject_id` int(11) NOT NULL,
`Topic_id` int(11) NOT NULL,
  `Topic_name` varchar(30) NOT NULL
) ENGINE=InnoDB AUTO_INCREMENT=3 DEFAULT CHARSET=latin1;

--
-- Dumping data for table `topic`
--

INSERT INTO `topic` (`Subject_id`, `Topic_id`, `Topic_name`) VALUES
(2, 1, 'Database Management System'),
(1, 2, 'C');

-- --------------------------------------------------------

--
-- Table structure for table `users`
--
-- Creation: Sep 23, 2015 at 05:51 AM
--

DROP TABLE IF EXISTS `users`;
CREATE TABLE IF NOT EXISTS `users` (
  `UserName` varchar(20) NOT NULL,
  `Password` varchar(20) NOT NULL,
  `Name` varchar(20) NOT NULL,
  `Email` varchar(20) NOT NULL
) ENGINE=InnoDB DEFAULT CHARSET=latin1;

--
-- Dumping data for table `users`
--

INSERT INTO `users` (`UserName`, `Password`, `Name`, `Email`) VALUES
('ajayd', 'ajayd', 'Ajay Deshmukh', 'ajay@gmail.com'),
('bob', 'bob', 'bob minion', 'bob@minion.com'),
('harshadak', 'harshadak', 'Harshada Koshti', 'harshada@gmaill.com'),
('pranalin', 'pranalin', 'Pranali Ninawe', 'pninawe@gmail.com'),
('priyankau', 'priyankau', 'Priyanka Upadhyay', 'pri@gmail.com'),
('roshank', 'roshank', 'Roshan Kumar', 'roshan1724@gmail.com'),
('sanikas', 'sanikas', 'Sanika Shah', 'sanika@gmail.com'),
('sankets', 'sankets', 'Sanket Sapkal', 'sanket@gmail.com'),
('ted', 'ted', 'teddy bear', 'ted@bear.com');

--
-- Indexes for dumped tables
--

--
-- Indexes for table `question`
--
ALTER TABLE `question`
 ADD PRIMARY KEY (`Question_id`);

--
-- Indexes for table `q_answers`
--
ALTER TABLE `q_answers`
 ADD PRIMARY KEY (`answer_id`);

--
-- Indexes for table `subject`
--
ALTER TABLE `subject`
 ADD PRIMARY KEY (`Subject_id`);

--
-- Indexes for table `subtopic`
--
ALTER TABLE `subtopic`
 ADD PRIMARY KEY (`Subtopic_id`);

--
-- Indexes for table `topic`
--
ALTER TABLE `topic`
 ADD PRIMARY KEY (`Topic_id`);

--
-- Indexes for table `users`
--
ALTER TABLE `users`
 ADD PRIMARY KEY (`UserName`);

--
-- AUTO_INCREMENT for dumped tables
--

--
-- AUTO_INCREMENT for table `question`
--
ALTER TABLE `question`
MODIFY `Question_id` int(11) NOT NULL AUTO_INCREMENT,AUTO_INCREMENT=26;
--
-- AUTO_INCREMENT for table `q_answers`
--
ALTER TABLE `q_answers`
MODIFY `answer_id` int(11) NOT NULL AUTO_INCREMENT,AUTO_INCREMENT=26;
--
-- AUTO_INCREMENT for table `subject`
--
ALTER TABLE `subject`
MODIFY `Subject_id` int(11) NOT NULL AUTO_INCREMENT,AUTO_INCREMENT=3;
--
-- AUTO_INCREMENT for table `subtopic`
--
ALTER TABLE `subtopic`
MODIFY `Subtopic_id` int(11) NOT NULL AUTO_INCREMENT,AUTO_INCREMENT=8;
--
-- AUTO_INCREMENT for table `topic`
--
ALTER TABLE `topic`
MODIFY `Topic_id` int(11) NOT NULL AUTO_INCREMENT,AUTO_INCREMENT=3;
/*!40101 SET CHARACTER_SET_CLIENT=@OLD_CHARACTER_SET_CLIENT */;
/*!40101 SET CHARACTER_SET_RESULTS=@OLD_CHARACTER_SET_RESULTS */;
/*!40101 SET COLLATION_CONNECTION=@OLD_COLLATION_CONNECTION */;
